{
  "id": "4134875",
  "name": "Microsoft Store界面设计",
  "font_family": "iconfont",
  "css_prefix_text": "icon-",
  "description": "",
  "glyphs": [
    {
      "icon_id": "991802",
      "name": "帮助",
      "font_class": "bangzhu",
      "unicode": "e62c",
      "unicode_decimal": 58924
    },
    {
      "icon_id": "1221318",
      "name": "应用",
      "font_class": "applications",
      "unicode": "e60a",
      "unicode_decimal": 58890
    },
    {
      "icon_id": "1305114",
      "name": "数据库",
      "font_class": "shujuku",
      "unicode": "e636",
      "unicode_decimal": 58934
    },
    {
      "icon_id": "1418245",
      "name": "右",
      "font_class": "you",
      "unicode": "e618",
      "unicode_decimal": 58904
    },
    {
      "icon_id": "4422025",
      "name": "主页",
      "font_class": "zhuye",
      "unicode": "e619",
      "unicode_decimal": 58905
    },
    {
      "icon_id": "5438339",
      "name": "wps",
      "font_class": "wps",
      "unicode": "e613",
      "unicode_decimal": 58899
    },
    {
      "icon_id": "6160694",
      "name": "最小化",
      "font_class": "zuixiaohua",
      "unicode": "e60e",
      "unicode_decimal": 58894
    },
    {
      "icon_id": "6616997",
      "name": "关闭",
      "font_class": "guanbi",
      "unicode": "eca0",
      "unicode_decimal": 60576
    },
    {
      "icon_id": "6665569",
      "name": "游戏",
      "font_class": "airudiantubiaohuizhi-zhuanqu_youxi",
      "unicode": "e69d",
      "unicode_decimal": 59037
    },
    {
      "icon_id": "6805532",
      "name": "Microsoft-Store",
      "font_class": "Microsoft-Store",
      "unicode": "e9a4",
      "unicode_decimal": 59812
    },
    {
      "icon_id": "7199864",
      "name": "微信",
      "font_class": "weixin",
      "unicode": "e630",
      "unicode_decimal": 58928
    },
    {
      "icon_id": "13881067",
      "name": "向日葵.SVG",
      "font_class": "xiangrikuiSVG",
      "unicode": "e62d",
      "unicode_decimal": 58925
    },
    {
      "icon_id": "28410459",
      "name": "窗口最大化",
      "font_class": "chuangkouzuidahua",
      "unicode": "e65b",
      "unicode_decimal": 58971
    },
    {
      "icon_id": "34064732",
      "name": "哔哩哔哩",
      "font_class": "bilibili",
      "unicode": "e606",
      "unicode_decimal": 58886
    },
    {
      "icon_id": "34066905",
      "name": "百度网盘",
      "font_class": "baiduwangpan",
      "unicode": "e610",
      "unicode_decimal": 58896
    }
  ]
}
