{
  "id": "4134396",
  "name": "百度网盘UI设计",
  "font_family": "iconfont",
  "css_prefix_text": "icon-",
  "description": "",
  "glyphs": [
    {
      "icon_id": "5029",
      "name": "列表",
      "font_class": "liebiao",
      "unicode": "e600",
      "unicode_decimal": 58880
    },
    {
      "icon_id": "147464",
      "name": "游戏_填充",
      "font_class": "youxitianchong",
      "unicode": "e6b5",
      "unicode_decimal": 59061
    },
    {
      "icon_id": "508250",
      "name": "离线下载",
      "font_class": "lixianxiazai",
      "unicode": "e60d",
      "unicode_decimal": 58893
    },
    {
      "icon_id": "577402",
      "name": "向右1",
      "font_class": "xiangyou1",
      "unicode": "e775",
      "unicode_decimal": 59253
    },
    {
      "icon_id": "658956",
      "name": "图片",
      "font_class": "tupian",
      "unicode": "e67f",
      "unicode_decimal": 59007
    },
    {
      "icon_id": "993780",
      "name": "其它",
      "font_class": "qita",
      "unicode": "e64b",
      "unicode_decimal": 58955
    },
    {
      "icon_id": "1443691",
      "name": "vip",
      "font_class": "vip",
      "unicode": "e65e",
      "unicode_decimal": 58974
    },
    {
      "icon_id": "1459127",
      "name": "文档",
      "font_class": "wendang",
      "unicode": "e620",
      "unicode_decimal": 58912
    },
    {
      "icon_id": "1973189",
      "name": "女头像",
      "font_class": "user__easyico",
      "unicode": "e601",
      "unicode_decimal": 58881
    },
    {
      "icon_id": "2243903",
      "name": "上传",
      "font_class": "shangchuan",
      "unicode": "e672",
      "unicode_decimal": 58994
    },
    {
      "icon_id": "2675009",
      "name": "首页",
      "font_class": "shouye",
      "unicode": "e62e",
      "unicode_decimal": 58926
    },
    {
      "icon_id": "3783393",
      "name": "礼物",
      "font_class": "liwu",
      "unicode": "e62b",
      "unicode_decimal": 58923
    },
    {
      "icon_id": "4686545",
      "name": "刷新",
      "font_class": "shuaxin",
      "unicode": "ec08",
      "unicode_decimal": 60424
    },
    {
      "icon_id": "4867094",
      "name": "视频",
      "font_class": "shipin",
      "unicode": "e656",
      "unicode_decimal": 58966
    },
    {
      "icon_id": "5286717",
      "name": "传输列表",
      "font_class": "chuanshuliebiao",
      "unicode": "e63f",
      "unicode_decimal": 58943
    },
    {
      "icon_id": "5387527",
      "name": "加号",
      "font_class": "jiahao",
      "unicode": "eaf3",
      "unicode_decimal": 60147
    },
    {
      "icon_id": "5387613",
      "name": "向左",
      "font_class": "xiangzuo",
      "unicode": "eb15",
      "unicode_decimal": 60181
    },
    {
      "icon_id": "5387953",
      "name": "三角形_o",
      "font_class": "sanjiaoxing_o",
      "unicode": "eb9c",
      "unicode_decimal": 60316
    },
    {
      "icon_id": "5485640",
      "name": "排序",
      "font_class": "paixu",
      "unicode": "e60e",
      "unicode_decimal": 58894
    },
    {
      "icon_id": "6234420",
      "name": "最近浏览",
      "font_class": "zuijinliulan",
      "unicode": "e62f",
      "unicode_decimal": 58927
    },
    {
      "icon_id": "6880576",
      "name": "联系人",
      "font_class": "lianxiren",
      "unicode": "e61c",
      "unicode_decimal": 58908
    },
    {
      "icon_id": "7072370",
      "name": "相册",
      "font_class": "xiangce",
      "unicode": "e60b",
      "unicode_decimal": 58891
    },
    {
      "icon_id": "7459722",
      "name": "文件夹",
      "font_class": "weibiaoti-_huabanfuben",
      "unicode": "e60f",
      "unicode_decimal": 58895
    },
    {
      "icon_id": "7592554",
      "name": "24gl-headphones",
      "font_class": "24gl-headphones",
      "unicode": "ea09",
      "unicode_decimal": 59913
    },
    {
      "icon_id": "11169291",
      "name": "app下载",
      "font_class": "appxiazai",
      "unicode": "e607",
      "unicode_decimal": 58887
    },
    {
      "icon_id": "11372694",
      "name": "设置",
      "font_class": "shezhi",
      "unicode": "e8b7",
      "unicode_decimal": 59575
    },
    {
      "icon_id": "11891829",
      "name": "synchronization",
      "font_class": "synchronization",
      "unicode": "e676",
      "unicode_decimal": 58998
    },
    {
      "icon_id": "12550358",
      "name": "新建",
      "font_class": "xinjian",
      "unicode": "e626",
      "unicode_decimal": 58918
    },
    {
      "icon_id": "13969820",
      "name": "玩偶",
      "font_class": "wanou",
      "unicode": "e61a",
      "unicode_decimal": 58906
    },
    {
      "icon_id": "18028235",
      "name": "新建文件夹",
      "font_class": "xinjianwenjianjia",
      "unicode": "e61b",
      "unicode_decimal": 58907
    },
    {
      "icon_id": "18662031",
      "name": "工具栏",
      "font_class": "hanhan-01-01",
      "unicode": "e6c4",
      "unicode_decimal": 59076
    },
    {
      "icon_id": "26234609",
      "name": "种子",
      "font_class": "zhongzi",
      "unicode": "e606",
      "unicode_decimal": 58886
    },
    {
      "icon_id": "34066905",
      "name": "百度网盘",
      "font_class": "baiduwangpan",
      "unicode": "e610",
      "unicode_decimal": 58896
    }
  ]
}
